{
  "train_loss": [
    0.866176584407605,
    0.4831038049537427,
    0.43713989923843916,
    0.4152905951906509,
    0.40106354187660276,
    0.38769623700608596,
    0.3822816474593653,
    0.37266977667057016,
    0.36904249946558165,
    0.3612614197839988,
    0.36097157849534656,
    0.35378817359324605,
    0.3524039044119036,
    0.3504391222886911,
    0.3483199020790434
  ],
  "train_acc": [
    0.7464243498817967,
    0.832673364854216,
    0.8468282111899134,
    0.8523739164696611,
    0.8565011820330969,
    0.8608156028368794,
    0.8627364066193853,
    0.8650019700551616,
    0.8665090622537431,
    0.8688238770685579,
    0.8691193853427897,
    0.8718183609141056,
    0.8716410559495665,
    0.8720744680851064,
    0.8725177304964539
  ],
  "val_loss": [
    0.4379617702030966,
    0.3772041322491693,
    0.35905877038942163,
    0.3457008628135032,
    0.3406735546622716,
    0.3409896266375873,
    0.3266478254651347,
    0.31892933122655176,
    0.31873298594926264,
    0.31372435469153925,
    0.31227978865305583,
    0.30557373407039234,
    0.30834743870911024,
    0.31229784596473614,
    0.30063239910923845
  ],
  "val_acc": [
    0.848758865248227,
    0.8701241134751773,
    0.8747340425531915,
    0.8783687943262412,
    0.8782801418439716,
    0.8789893617021277,
    0.8842198581560283,
    0.886436170212766,
    0.8859929078014185,
    0.8877659574468085,
    0.8866134751773049,
    0.8891843971631206,
    0.8897163120567376,
    0.887677304964539,
    0.8916666666666667
  ],
  "lr": [
    0.001,
    0.001,
    0.001,
    0.001,
    0.001,
    0.001,
    0.001,
    0.001,
    0.001,
    0.001,
    0.001,
    0.001,
    0.001,
    0.001,
    0.001
  ],
  "test_loss": 0.29062005685999037,
  "test_acc": 0.8925531914893617
}