{
  "train_loss": [
    0.26125756625113666,
    0.07512129152262652
  ],
  "train_acc": [
    0.9288518518518518,
    0.9775925925925926
  ],
  "val_loss": [
    0.08111548944314322,
    0.06157007420063019
  ],
  "val_acc": [
    0.9776666666666667,
    0.9805
  ],
  "lr": [
    0.001,
    0.001
  ],
  "test_loss": 0.028021140010096132,
  "test_acc": 0.9917
}